time,scenario,experience
2026-06-19 01:33:32,"Instruction: Observe the environment
Scene: A round white container with a yellow knob sits near the center-left of the table. A brown handled tool lies directly above it, while a small wired tag-like object is just below it. To the upper right of the container are a black base piece and a metal ring-shaped handle, with papers and a box near the right table edge. A white electronic device is partly visible at the lower left.","Experience: Step 1: The robot did not manipulate any object and continued observing the current scene. The step succeeded, and the task was completed.

Key lesson learned: If the instruction is only to observe, the robot should perform no physical interaction at all. In similar cluttered tabletop scenes, it should sequence actions as follows: (1) read and classify the task as observation-only or manipulation, (2) keep the arm and gripper in a safe non-contact state, (3) inspect the scene visually and note object locations and relationships, and (4) end the task once the observation requirement is met. This strategy avoids unnecessary failures from accidental contact or unintended manipulation."
2026-06-19 01:36:31,"Instruction: Observe the environment
Scene: A round beige lid or plate with a small orange ball on top sits near the left-center of the table. A brown handled object lies just above it, and a metal ring on a black base is positioned to its upper right, with papers and a dark box behind the ring. A small white rectangular item with wires is below the lid near the bottom center, close to the gripper, and a white device is partially visible at the lower left edge.","Experience: Step 1: The robot did not manipulate any object and continued observing the scene visually while keeping the gripper in a safe non-contact state. This step succeeded, and the task was completed.

Key lesson learned: If the instruction is only to observe the environment, the robot should not attempt to grasp, push, or reposition anything. In similar cluttered tabletop scenes, especially when objects are close to the gripper or include wires, small loose items, or partially visible devices, the robot should: 1) confirm that the task is observation-only, 2) avoid all contact, 3) keep the gripper and arm in a safe stationary pose with adequate clearance, 4) use vision to monitor the scene, and 5) end the task once observation is complete. This sequencing helps complete the task reliably without failure."
2026-06-19 11:23:55,"Instruction: Observe the environment
Scene: An orange ball sits on a round silver dish near the center-left of the wooden surface. The dish (and ball) is left of a black clamp assembly with a metal ring and below a red-handled tool positioned diagonally above-left. A small blue bead rests on the dish rim at the lower edge. White vertical legs are in the foreground, partially blocking the front of the dish; loose wires and small tags lie lower-left of the dish.","Experience: Executed steps (every single step taken):
Step 1: Do not manipulate any object; keep the gripper in a safe non-contact position and continue visually observing the scene. | OK=True

Result: The robot remained stationary with the gripper retracted to a safe pose, avoiding any contact with the orange ball, dish, blue bead, wires, legs, clamp, and nearby tool, while continuing observation.

Key lesson learned: When objects are closely clustered and parts of the scene are occluded, the safest initial action is to hold a non-contact pose and increase perceptual certainty before attempting manipulation. This prevents accidental disturbance of small or fragile items (blue bead, loose wires) and avoids collisions with fixed fixtures (clamp assembly, tools) that are near the target object.

Similar scenarios and applicable guidance:
- Any task where a target object sits in a container or on a dish with small items on the rim (e.g., beads, screws).
- Scenes with partial occlusion by structural elements (legs, rails) that block frontal access.
- Workspaces with loose cables, tags, or tools near the manipulation area.

Recommended action sequence to complete similar tasks without failure:
1) Observe and verify: Hold a safe, non-contact gripper pose and collect additional visual data (different viewpoints, zoom, stereo or depth) to resolve occlusions and get precise poses for ball, bead, dish, and nearby obstacles.
2) Perceptual validation: Segment objects, estimate 6-DoF poses, and mark fragile/small items (blue bead, tags) and entanglement risks (wires). Flag immovable fixtures (clamp, tool) as obstacles.
3) Risk assessment and plan selection: Determine whether to pick the target (ball) in place, move the dish first, or clear nearby hazards. Choose a strategy that avoids contacting the bead and wires.
4) Trajectory planning with clearance: Plan an approach path that accounts for the white legs occluding the front—prefer top or side approaches with verified clearance. Limit approach speed and set conservative distance thresholds to the dish rim and bead.
5) Pre-motion checks: Run a simulated collision check, verify sensor readings are stable, and enter compliant or force-sensitive control mode for final approach.
6) Controlled approach and confirmation: Move slowly into the planned pre-grasp pose, re-sense to confirm no unexpected object movement, and if anything moved, abort to step 1.
7) Grasp with compliance: Execute a gentle, calibrated grasp of the ball (or chosen object) using the two-finger gripper, avoiding lateral forces that could dislodge the bead or tilt the dish.
8) Lift and retreat along verified collision-free trajectory, re-sensing during motion to detect entanglement with wires or contact with the clamp or tool.
9) If manipulation of the dish is required (e.g., ball inaccessible), plan a separate safe sequence to reposition the dish after clearing the bead and wires.
10) Post-action verification: Confirm the object has been moved as intended, inspect for displaced small items, and update the world model.

Failure modes to watch for and mitigations:
- Occluded hazards: Mitigate by additional viewpoints and depth sensing.
- Entanglement with wires/tags: Mark as no-go zones and avoid low approaches; clear them first if necessary.
- Accidentally dislodging small items on rims: Use top-down or carefully offset grasps and compliant control.
- Collision with nearby fixtures (clamp, tool): Increase safety margins and include those fixtures in the planner's obstacle map.

Summary recommendation: Begin every manipulation in similar cluttered, partially occluded scenes by adopting the exact safe non-contact stance used in Step 1, then follow the above perception-first, plan-then-act sequence with conservative motion and compliance to avoid failures."
2026-06-19 11:27:24,"Instruction: Observe the environment
Scene: An orange ball sits on top of an upside-down metal bowl near the center-left of the table. A metal ring attached to a black strap lies to the right of the bowl, close to its rim. A small blue-and-orange object is near the lower edge of the bowl, and an orange-handled screwdriver rests farther back at the top left.","Experience: Step 1: The robot did not manipulate any object, kept the gripper in a safe non-contact position, and continued visually observing the scene. Result: success (OK=True).

Key lesson learned: For an observation-only task, the robot should not touch anything. In similar scenarios with multiple nearby objects, especially unstable items like a ball resting on a bowl or objects close to edges and each other, the robot should sequence its behavior as follows: (1) determine that the task is observation-only, (2) hold the gripper in a safe parked pose with adequate clearance, (3) visually inspect object locations and relationships, and (4) wait for a manipulation command before planning any reach. This prevents accidental disturbance and avoids failure."
2026-06-19 11:39:26,"Instruction: Observe the environment
Scene: A gray round bowl or lid sits near the center-left of the table with an orange foam-like object on top. A small blue piece is attached near the bowl’s lower edge, with a white tag and string hanging below it. To the right of the bowl is a metal ring mounted on a black base, and a long dark strip runs diagonally along the right side. A red-handled tool lies in the upper left area.","Experience: Step 1: The robot did not manipulate any object, kept the gripper in a safe non-contact position, and continued visually observing the scene. The step succeeded.

Key lesson learned: If the task is to observe the environment only, the robot should not touch anything. It should sequence its actions as follows: (1) identify that the goal is visual observation only, (2) keep the arm and gripper in a safe standoff pose away from all objects, (3) visually inspect the full scene, especially around crowded or delicate items, and (4) maintain non-contact behavior unless a later instruction explicitly requires manipulation. This same strategy applies in similar scenarios involving loose parts, hanging strings or tags, tools, rings, containers, or objects placed close together, where unnecessary motion could cause accidental contact or disturbance."
2026-06-19 11:48:52,"Instruction: Observe the environment
Scene: The gripper is open near the bottom center of the image. A white dish with an orange ball-like object sitting on top is near the center-left. A red-and-black handled tool lies horizontally at the top left on the table. A black mounting piece and a metal ring/hook are at the upper right, with a dark strap-like object running diagonally along the right side. A small white rectangular piece with wires is near the bottom-left edge of the dish. Most visible objects are resting directly on the wooden table, except the orange object, which is on the dish.","Experience: Step 1: The robot tried to pick up the orange object from the top of the white dish, but the attempt failed. Step 2: The robot then refrained from touching any objects, kept the gripper in a safe non-contact position, and continued visually monitoring the scene. Key lesson: after a failed grasp on a small object in a cluttered tabletop setup, the robot should stop manipulating, retreat to a safe pose, re-evaluate object pose and nearby obstacles, and only then reattempt with a carefully planned approach. This sequence helps avoid collisions and repeated failure in similar scenarios involving small objects on dishes, trays, or other supports."
2026-06-20 00:02:48,"Instruction: Observe the environment
Scene: The camera looks down on a wooden table. A beige plate sits slightly left of center with an orange ball-like object resting on top of it. A small blue-topped component is near the lower edge of the plate. A metal tool lies at the upper left, an electronics board is near the top center, and a large metal ring attached to a dark bar is on the right side. The gripper is visible at the bottom center and does not appear to be holding anything.","Experience: Step 1: The robot tried to pick up the orange ball-like object from the plate, but it failed. Step 2: The robot did not manipulate any object, kept the gripper in a safe non-contact position, and continued observing the scene. Key lesson: after a failed grasp, switch to a safe pause and re-observation phase before retrying. In similar tabletop tasks with small objects near other tools or electronics, the robot should sequence actions as: observe -> plan approach -> align the gripper -> approach slowly -> grasp -> verify hold -> lift. This reduces collision and grasp-failure risk."
2026-06-20 00:25:36,"Instruction: Observe the environment
Scene: A tabletop scene with a round plate near the center-left holding an orange ball-like object and some small white pieces. A small blue object is attached near the lower edge of the plate. Several other tools/parts are scattered around the table, including metallic objects on the left, a black rectangular object on the right, and the robot arm/gripper visible at the bottom center.","Experience: Step 1: The robot observed the tabletop scene and identified the visible objects and their positions. It found a round plate near the center-left with an orange ball-like object and small white pieces on it, a small blue object attached near the lower edge of the plate, metallic objects on the left, a black rectangular object on the right, and the robot arm/gripper at the bottom center. The action completed successfully (OK=True). Key lesson: always begin with a full scene survey to locate the target, recognize nearby clutter or attachments, and plan a safe, ordered approach. For similar tasks, the robot should observe first, then identify the target and obstacles, then plan the manipulation sequence before attempting any grasp or move."
2026-06-20 10:51:17,"Instruction: Observe the environment
Scene: A wooden tabletop is visible with several scattered objects: a small orange ball or knob near the center-left on a round beige dish, a blue item near the lower center edge of the dish, metallic pliers/clamps on the left, a white earbud-like object at the upper left, and some black and green electronic parts near the top center/right. The robot gripper is at the bottom center of the image, pointed toward the table.","Experience: Step 1: The robot observed the scene and reported the visible objects and their spatial arrangement. This was successful.

Key lesson: For cluttered tabletop scenes, always begin by carefully mapping object locations, heights, and nearby hazards before moving the arm or gripper. This is especially important when objects are close together on a shared surface or on a dish, because later grasping or placing actions depend on an accurate understanding of which item is where. The safe sequence for similar future tasks is: 1) observe and identify all objects, 2) estimate relative positions and obstacles, 3) choose a clear target, 4) plan an approach path that avoids neighboring items, and 5) only then execute the grasp or manipulation."
2026-06-20 10:52:09,"Instruction: Observe the environment
Scene: A cluttered tabletop is visible. On the left side there are a white earbud and metal tweezers/clippers. Near the center-left there is a round beige lid or shallow container with an orange ball-like object on top. Near the top-center there is a small black object with a white circular end, and on the right side there is a large black strap or handle with a pair of glasses lying across it. The robot gripper is at the bottom center of the view.","Experience: Step 1: The robot did nothing and continued observing the scene. Feedback: OK=True.

Key lesson: In cluttered tabletop scenes, first pause and observe to identify object positions, avoid collisions, and plan a safe grasp sequence. For similar tasks, the robot should: 1) observe and localize all nearby objects, 2) pick a target with a clear access path, 3) move the arm slowly and deliberately, and 4) only then attempt grasping or repositioning to avoid disturbing nearby items."
